<?xml version="1.0" encoding="UTF-8"?>
<project-private xmlns="http://www.netbeans.org/ns/project-private/1">
    <editor-bookmarks xmlns="http://www.netbeans.org/ns/editor-bookmarks/2" lastBookmarkId="0"/>
    <open-files xmlns="http://www.netbeans.org/ns/projectui-open-files/2">
        <group>
            <file>file:/C:/DanielaLFreire/Simulation_QueuePriority%20-%20PSO/src/pso_pck/QueueAdd.java</file>
            <file>file:/C:/DanielaLFreire/Simulation_QueuePriority%20-%20PSO/src/pso_pck/ProfileIntegrationProcess.java</file>
            <file>file:/C:/DanielaLFreire/Simulation_QueuePriority%20-%20PSO/src/pso_pck/qPriorPSO.java</file>
            <file>file:/C:/DanielaLFreire/Simulation_QueuePriority%20-%20PSO/src/pso_pck/Start.java</file>
            <file>file:/C:/DanielaLFreire/Simulation_QueuePriority%20-%20PSO/src/pso_pck/qPrior.java</file>
            <file>file:/C:/DanielaLFreire/Simulation_QueuePriority%20-%20PSO/src/pso_pck/AllocateThread.java</file>
            <file>file:/C:/DanielaLFreire/Simulation_QueuePriority%20-%20PSO/src/pso_pck/Fifo.java</file>
            <file>file:/C:/DanielaLFreire/Simulation_QueuePriority%20-%20PSO/src/pso_pck/QueueAddInput.java</file>
        </group>
    </open-files>
</project-private>
